<rss version="2.0">
<channel>
<title>Hunter Davis .com News</title>
<link>http://www.hunterdavis.com</link>
<ttl>september something</ttl>
<description>All the hunterdavis.com news you could want</description>
<copyright>2003 Hunter Davis</copyright>
<lastBuildDate>2003-12-09,09:12</lastBuildDate>
<generator>Super Simple RSS</generator>
<webMaster>hunter @ hunterdavis.com</webMaster>
<item>
<title>Ok, some real news</title>
<description>
I&apos;ve updated ssrss with all of the bugfixes that i&apos;ve had requested of late.
</description>
<pubdate>Tuesday,November 04,2003 18:05</pubdate>
</item>
<item>
<title>New Pages</title>
<description>
There is now an archive page where csserver adventure and all of my other older programs will live.  I have also started work on a new and improved program.  
</description>
<pubdate>Tuesday,November 04,2003 18:05</pubdate>
</item>
<item>
<title>No more rantings pages</title>
<description>
My rantings were interesting sure, but how many people read them??  Not many according to my net traffic report.  :)
</description>
<pubdate>Tuesday,November 04,2003 18:06</pubdate>
</item>
<item>
<title>Another ssrss update</title>
<description>
it just keeps getting better!
</description>
<pubdate>Wednesday,November 05,2003 12:25</pubdate>
</item>
<item>
<title>Another ssrss update</title>
<description>
it just keeps getting better!
</description>
<pubdate>Wednesday,Octmber 05,2003 12:25</pubdate>
</item>
</channel>
</rss>
